{
  "Group": [
    {
      "Name": "グループ 0",
      "Object": [],
      "Map": []
    }
  ],
  "ObjectLabelMemo": [],
  "MapLabelMemo": [
    {
      "Id": 30,
      "Text": "ゲーム開始"
    },
    {
      "Id": 31,
      "Text": "ゲームクリア"
    },
    {
      "Id": 32,
      "Text": "不明？"
    },
    {
      "Id": 33,
      "Text": "不明？"
    },
    {
      "Id": 40,
      "Text": "1階"
    },
    {
      "Id": 41,
      "Text": "2階"
    },
    {
      "Id": 42,
      "Text": "3階"
    },
    {
      "Id": 43,
      "Text": "4階"
    },
    {
      "Id": 44,
      "Text": "5階"
    },
    {
      "Id": 45,
      "Text": "6階"
    },
    {
      "Id": 46,
      "Text": "7階"
    }
  ],
  "DebugDiff": {
    "IsValid": false,
    "CharPositionX": -1,
    "CharPositionY": -1,
    "GameOverPositionX": -1,
    "GameOverPositionY": -1,
    "StatusEnergyMax": -1,
    "StatusEnergy": -1,
    "StatusStrength": -1,
    "StatusDefence": -1,
    "StatusGold": -1,
    "InitialPartsList": [
      {
        "Id": 0,
        "X": 0,
        "Y": 0,
        "Type": 0
      },
      {
        "Id": 0,
        "X": 0,
        "Y": 0,
        "Type": 0
      },
      {
        "Id": 0,
        "X": 0,
        "Y": 0,
        "Type": 0
      },
      {
        "Id": 0,
        "X": 0,
        "Y": 0,
        "Type": 0
      },
      {
        "Id": 0,
        "X": 0,
        "Y": 0,
        "Type": 0
      },
      {
        "Id": 0,
        "X": 0,
        "Y": 0,
        "Type": 0
      },
      {
        "Id": 0,
        "X": 0,
        "Y": 0,
        "Type": 0
      },
      {
        "Id": 0,
        "X": 0,
        "Y": 0,
        "Type": 0
      },
      {
        "Id": 0,
        "X": 0,
        "Y": 0,
        "Type": 0
      },
      {
        "Id": 0,
        "X": 0,
        "Y": 0,
        "Type": 0
      }
    ]
  }
}